<?xml version="1.0" encoding="utf8"?>
<xtcommerceplugin>
    <title>Opt-Out-Marker für Google Analytics</title>
    <minimum_store_version>4.1.10</minimum_store_version>
    <version>0.0.1</version>
    <code>pb_ga_optout_marker</code>
    <url><![CDATA[http://www.peterberghausen.de]]></url>
    <description>Ausgabe eines Opt-Out-Markers für Google Analytics</description>
    <documentation_link><![CDATA[https://gist.github.com/mbaersch]]></documentation_link>
    <type>core</type>
    <icon>PeterBerghausen.png</icon>
    
    <plugin_code>
        <code>
            <hook>display.php:content_head</hook>
            <phpcode><![CDATA[
                require _SRV_WEBROOT.'plugins/pb_ga_optout_marker/classes/class.pb_ga_optout_marker.php';
                $pb_ga_optout_marker = new pb_ga_optout_marker();
                $pb_ga_optout_marker->hook_ga_optout();
            ]]></phpcode>
            <order>1</order>
            <active>1</active>
        </code>
    </plugin_code>
	
    <configuration>
        <config>
            <key>PB_GA_OUTPUT_MARKER_PATTERN</key>
            <value>^127\.0\.0\.1$</value>
            <de>
                <title>IP-Filtermuster</title>
            </de>
        </config>
        <config>
            <key>PB_GA_OUTPUT_MARKER_HEADERNAME</key>
            <value>HTTP_GA_TRAFFIC_TYPE</value>
            <de>
                <title>Header-Name</title>
            </de>
        </config>
        <config>
            <key>PB_GA_OUTPUT_MARKER_HEADERVALUE</key>
            <value>Intern</value>
            <de>
                <title>Header-Wert</title>
            </de>
        </config>
        <config>
            <key>PB_GA_OUTPUT_MARKER_ECHOTEXT</key>
            <value>var gaDim1Value='intern';</value>
            <de>
                <title>Text für Ausgabe</title>
            </de>
        </config>
    </configuration>
</xtcommerceplugin>