<?xml version="1.0" encoding="UTF-8"?>
<xtcommerceplugin>
	<language_content>
		<phrase>
			<key>PB_GA_OUTPUT_MARKER_PATTERN</key>
			<class>admin</class>
			<de>
				<value><![CDATA[IP-Filtermuster]]></value>
			</de>
		</phrase>
		<phrase>
			<key>PB_GA_OUTPUT_MARKER_HEADERNAME</key>
			<class>admin</class>
			<de>
				<value><![CDATA[Header-Name]]></value>
			</de>
		</phrase>
		<phrase>
			<key>PB_GA_OUTPUT_MARKER_HEADERVALUE</key>
			<class>admin</class>
			<de>
				<value><![CDATA[Header-Wert]]></value>
			</de>
		</phrase>
		<phrase>
			<key>PB_GA_OUTPUT_MARKER_ECHOTEXT</key>
			<class>admin</class>
			<de>
				<value><![CDATA[Text f&uuml;r Ausgabe]]></value>
			</de>
		</phrase>
	</language_content>
</xtcommerceplugin>